PIDN,Ca,P,pH,SOC,Sand
09gt9UK5,0.00370070174781,0.00370070174781,0.00370070174781,0.00370070174781,0.00370070174781
0BVvxJ6a,0.00450373750757,0.00450373750757,0.00450373750757,0.00450373750757,0.00450373750757
0KbdgApg,0.00429396648418,0.00429396648418,0.00429396648418,0.00429396648418,0.00429396648418
0MnuuduB,0.00435499229747,0.00435499229747,0.00435499229747,0.00435499229747,0.00435499229747
0PcIsF9z,0.001374113154,0.001374113154,0.001374113154,0.001374113154,0.001374113154
0ShTFLYJ,0.00286936723428,0.00286936723428,0.00286936723428,0.00286936723428,0.00286936723428
0XZh9jka,0.00318315827896,0.00318315827896,0.00318315827896,0.00318315827896,0.00318315827896
0Y7Wegri,0.00351751048038,0.00351751048038,0.00351751048038,0.00351751048038,0.00351751048038
0dTqplIM,0.00235732658351,0.00235732658351,0.00235732658351,0.00235732658351,0.00235732658351
0lNiZicC,0.00365818473982,0.00365818473982,0.00365818473982,0.00365818473982,0.00365818473982
0rGeJ0QN,0.00193568874839,0.00193568874839,0.00193568874839,0.00193568874839,0.00193568874839
0sXI9ytQ,0.00192656760748,0.00192656760748,0.00192656760748,0.00192656760748,0.00192656760748
0ukt4aP6,0.00393116304353,0.00393116304353,0.00393116304353,0.00393116304353,0.00393116304353
1AGspb8f,0.0027806435405,0.0027806435405,0.0027806435405,0.0027806435405,0.0027806435405
1Csy0gvE,0.0019098314747,0.0019098314747,0.0019098314747,0.0019098314747,0.0019098314747
1Ic2hly1,0.00329092645022,0.00329092645022,0.00329092645022,0.00329092645022,0.00329092645022
1PPbaTwt,0.00450915856434,0.00450915856434,0.00450915856434,0.00450915856434,0.00450915856434
1SO5VJNy,0.0011753467054,0.0011753467054,0.0011753467054,0.0011753467054,0.0011753467054
1arHxK3Y,0.00280409377054,0.00280409377054,0.00280409377054,0.00280409377054,0.00280409377054
1fCW4Bba,0.00408246086103,0.00408246086103,0.00408246086103,0.00408246086103,0.00408246086103
1qDZNvIm,0.00197049984294,0.00197049984294,0.00197049984294,0.00197049984294,0.00197049984294
28LYJC2V,0.00163198395078,0.00163198395078,0.00163198395078,0.00163198395078,0.00163198395078
2CzACvQq,0.00426861075016,0.00426861075016,0.00426861075016,0.00426861075016,0.00426861075016
2FT3crfv,0.00203501442836,0.00203501442836,0.00203501442836,0.00203501442836,0.00203501442836
2Fy2uHVg,0.00421617625753,0.00421617625753,0.00421617625753,0.00421617625753,0.00421617625753
2MkMEApm,0.00263174138122,0.00263174138122,0.00263174138122,0.00263174138122,0.00263174138122
2NDGWEOe,0.00237428880121,0.00237428880121,0.00237428880121,0.00237428880121,0.00237428880121
2NyyCiqn,0.00142456370031,0.00142456370031,0.00142456370031,0.00142456370031,0.00142456370031
2QRzIb84,0.00326443750442,0.00326443750442,0.00326443750442,0.00326443750442,0.00326443750442
2QcbdrUZ,0.00436172040938,0.00436172040938,0.00436172040938,0.00436172040938,0.00436172040938
2YgAimWK,0.00325354281813,0.00325354281813,0.00325354281813,0.00325354281813,0.00325354281813
2cx85d9H,0.00401778420779,0.00401778420779,0.00401778420779,0.00401778420779,0.00401778420779
2homMXMV,0.00160092872019,0.00160092872019,0.00160092872019,0.00160092872019,0.00160092872019
2ldLrUtq,0.00233080714802,0.00233080714802,0.00233080714802,0.00233080714802,0.00233080714802
2nsACW6G,0.00596035398311,0.00596035398311,0.00596035398311,0.00596035398311,0.00596035398311
2yMbVnWc,0.00295151742665,0.00295151742665,0.00295151742665,0.00295151742665,0.00295151742665
36r8sgGQ,0.00160668026964,0.00160668026964,0.00160668026964,0.00160668026964,0.00160668026964
3NXAXCl3,0.00381462997886,0.00381462997886,0.00381462997886,0.00381462997886,0.00381462997886
3QG0z6fl,0.00429019223713,0.00429019223713,0.00429019223713,0.00429019223713,0.00429019223713
3WS8R9qm,0.00216680402567,0.00216680402567,0.00216680402567,0.00216680402567,0.00216680402567
3fRLm8f5,0.00145603515001,0.00145603515001,0.00145603515001,0.00145603515001,0.00145603515001
3mZhp1nQ,0.00347043308854,0.00347043308854,0.00347043308854,0.00347043308854,0.00347043308854
3pikJXRL,0.00494755274092,0.00494755274092,0.00494755274092,0.00494755274092,0.00494755274092
3pxOEGHL,0.00147533472804,0.00147533472804,0.00147533472804,0.00147533472804,0.00147533472804
3ttdV3f5,0.00659418404345,0.00659418404345,0.00659418404345,0.00659418404345,0.00659418404345
3v4X6Mfe,0.00329791583749,0.00329791583749,0.00329791583749,0.00329791583749,0.00329791583749
3wORuPiv,0.0036953523632,0.0036953523632,0.0036953523632,0.0036953523632,0.0036953523632
43EfrxZj,0.00381741023151,0.00381741023151,0.00381741023151,0.00381741023151,0.00381741023151
457Vwm21,0.00413684841854,0.00413684841854,0.00413684841854,0.00413684841854,0.00413684841854
46KNnOdx,0.00148582182892,0.00148582182892,0.00148582182892,0.00148582182892,0.00148582182892
47TwNsVC,0.00314923074331,0.00314923074331,0.00314923074331,0.00314923074331,0.00314923074331
49856RpO,0.00395546285344,0.00395546285344,0.00395546285344,0.00395546285344,0.00395546285344
4Ane1o2N,0.00241899425079,0.00241899425079,0.00241899425079,0.00241899425079,0.00241899425079
4AyVUgSc,0.00344531094007,0.00344531094007,0.00344531094007,0.00344531094007,0.00344531094007
4B1951On,0.00409462519463,0.00409462519463,0.00409462519463,0.00409462519463,0.00409462519463
4OL39Teo,0.00375493242354,0.00375493242354,0.00375493242354,0.00375493242354,0.00375493242354
4eQ90eLY,0.00419581841783,0.00419581841783,0.00419581841783,0.00419581841783,0.00419581841783
4o5jwMj8,0.0012141233431,0.0012141233431,0.0012141233431,0.0012141233431,0.0012141233431
4vPgpl2c,0.00396053990545,0.00396053990545,0.00396053990545,0.00396053990545,0.00396053990545
51r9aA0d,0.002564211565,0.002564211565,0.002564211565,0.002564211565,0.002564211565
58SmeRoP,0.000296881952688,0.000296881952688,0.000296881952688,0.000296881952688,0.000296881952688
5HJp1AXn,0.00290377027984,0.00290377027984,0.00290377027984,0.00290377027984,0.00290377027984
5MBZW7fx,0.003539832429,0.003539832429,0.003539832429,0.003539832429,0.003539832429
5Nq3gHaP,0.00392971623509,0.00392971623509,0.00392971623509,0.00392971623509,0.00392971623509
5RmwFFK3,0.00266827025611,0.00266827025611,0.00266827025611,0.00266827025611,0.00266827025611
5Tu5Jbov,0.00381600620123,0.00381600620123,0.00381600620123,0.00381600620123,0.00381600620123
5YEolkev,0.00244669781227,0.00244669781227,0.00244669781227,0.00244669781227,0.00244669781227
5a8sf6QV,0.00504940372866,0.00504940372866,0.00504940372866,0.00504940372866,0.00504940372866
5eSvmqYm,0.00468298797699,0.00468298797699,0.00468298797699,0.00468298797699,0.00468298797699
5hkN8fiv,0.00200307891406,0.00200307891406,0.00200307891406,0.00200307891406,0.00200307891406
5oK8Gti5,0.00349794825884,0.00349794825884,0.00349794825884,0.00349794825884,0.00349794825884
5paniGaU,0.00139905834766,0.00139905834766,0.00139905834766,0.00139905834766,0.00139905834766
5vsr7ZUP,0.00325169976433,0.00325169976433,0.00325169976433,0.00325169976433,0.00325169976433
60B4xMWI,0.0025624625051,0.0025624625051,0.0025624625051,0.0025624625051,0.0025624625051
64jOUtKy,0.00533141690214,0.00533141690214,0.00533141690214,0.00533141690214,0.00533141690214
6AJo4xNG,0.00301448592503,0.00301448592503,0.00301448592503,0.00301448592503,0.00301448592503
6CAvhEte,0.0041821490724,0.0041821490724,0.0041821490724,0.0041821490724,0.0041821490724
6CuGYjT5,0.00285149172897,0.00285149172897,0.00285149172897,0.00285149172897,0.00285149172897
6DGH8ujZ,0.001683686991,0.001683686991,0.001683686991,0.001683686991,0.001683686991
6PzsGdVm,0.00246181862445,0.00246181862445,0.00246181862445,0.00246181862445,0.00246181862445
6UcSJMbq,0.00207205740197,0.00207205740197,0.00207205740197,0.00207205740197,0.00207205740197
6WJbkH8U,0.00261162010497,0.00261162010497,0.00261162010497,0.00261162010497,0.00261162010497
6eUWsVzw,0.00504022246118,0.00504022246118,0.00504022246118,0.00504022246118,0.00504022246118
6gNyO7Do,0.00402327309863,0.00402327309863,0.00402327309863,0.00402327309863,0.00402327309863
6jT0AyHe,0.00357826832428,0.00357826832428,0.00357826832428,0.00357826832428,0.00357826832428
6nBgCvWu,0.00384034450852,0.00384034450852,0.00384034450852,0.00384034450852,0.00384034450852
6ro5mqg6,0.0019788485448,0.0019788485448,0.0019788485448,0.0019788485448,0.0019788485448
6sGqObX4,0.00327011591467,0.00327011591467,0.00327011591467,0.00327011591467,0.00327011591467
6uEGy0n4,0.00214341641102,0.00214341641102,0.00214341641102,0.00214341641102,0.00214341641102
7BZ4LxP8,0.00339842717199,0.00339842717199,0.00339842717199,0.00339842717199,0.00339842717199
7CmigXKi,0.00419680726891,0.00419680726891,0.00419680726891,0.00419680726891,0.00419680726891
7Ga0LpfR,0.0024405769659,0.0024405769659,0.0024405769659,0.0024405769659,0.0024405769659
7PQsFvsG,0.00232960897235,0.00232960897235,0.00232960897235,0.00232960897235,0.00232960897235
7aF7nnwn,0.0023566766192,0.0023566766192,0.0023566766192,0.0023566766192,0.0023566766192
7asGzfX9,0.00261364039878,0.00261364039878,0.00261364039878,0.00261364039878,0.00261364039878
7cg7C92o,0.00421863507915,0.00421863507915,0.00421863507915,0.00421863507915,0.00421863507915
7eOxTpsB,0.00168130006026,0.00168130006026,0.00168130006026,0.00168130006026,0.00168130006026
7ey0v7ma,0.00363318362417,0.00363318362417,0.00363318362417,0.00363318362417,0.00363318362417
7gocyrYl,0.00196568950895,0.00196568950895,0.00196568950895,0.00196568950895,0.00196568950895
7gqR3GoA,0.0021421508817,0.0021421508817,0.0021421508817,0.0021421508817,0.0021421508817
7og7aUXB,0.00163897585638,0.00163897585638,0.00163897585638,0.00163897585638,0.00163897585638
7onRfa8F,0.00201211200536,0.00201211200536,0.00201211200536,0.00201211200536,0.00201211200536
7umkNuxM,0.00305039021287,0.00305039021287,0.00305039021287,0.00305039021287,0.00305039021287
7vPr9ExD,0.00518526912879,0.00518526912879,0.00518526912879,0.00518526912879,0.00518526912879
7zNjpCzu,0.00586339033595,0.00586339033595,0.00586339033595,0.00586339033595,0.00586339033595
7ztsQNj3,0.00502104454493,0.00502104454493,0.00502104454493,0.00502104454493,0.00502104454493
86gppwMI,0.00257759261902,0.00257759261902,0.00257759261902,0.00257759261902,0.00257759261902
88thAGdL,0.00427519123677,0.00427519123677,0.00427519123677,0.00427519123677,0.00427519123677
8GhU8STP,0.00352393689803,0.00352393689803,0.00352393689803,0.00352393689803,0.00352393689803
8NlzDcWe,0.0032191276862,0.0032191276862,0.0032191276862,0.0032191276862,0.0032191276862
8QAejdLW,0.0043964949968,0.0043964949968,0.0043964949968,0.0043964949968,0.0043964949968
8RDeFxWM,0.00167794239269,0.00167794239269,0.00167794239269,0.00167794239269,0.00167794239269
8UXP2NBS,0.00611381611137,0.00611381611137,0.00611381611137,0.00611381611137,0.00611381611137
8ZoV3KGT,0.00400900856414,0.00400900856414,0.00400900856414,0.00400900856414,0.00400900856414
8ajs2uG8,0.00349021139089,0.00349021139089,0.00349021139089,0.00349021139089,0.00349021139089
8bXnz62p,0.00507066281175,0.00507066281175,0.00507066281175,0.00507066281175,0.00507066281175
8nO1O1LG,0.00442141503989,0.00442141503989,0.00442141503989,0.00442141503989,0.00442141503989
8xE1p8g8,0.00490696366112,0.00490696366112,0.00490696366112,0.00490696366112,0.00490696366112
8yMDVMRM,0.00363273801719,0.00363273801719,0.00363273801719,0.00363273801719,0.00363273801719
98R5VaPi,0.00276156956461,0.00276156956461,0.00276156956461,0.00276156956461,0.00276156956461
9DcTz2Ua,0.00326809027567,0.00326809027567,0.00326809027567,0.00326809027567,0.00326809027567
9G7nfUrK,0.00231530814116,0.00231530814116,0.00231530814116,0.00231530814116,0.00231530814116
9O6GZ1HT,0.00341304906997,0.00341304906997,0.00341304906997,0.00341304906997,0.00341304906997
9S7fCoAM,0.00464116042173,0.00464116042173,0.00464116042173,0.00464116042173,0.00464116042173
9iQwmFJR,0.00373034526224,0.00373034526224,0.00373034526224,0.00373034526224,0.00373034526224
A3Mt6SAQ,0.00103514773448,0.00103514773448,0.00103514773448,0.00103514773448,0.00103514773448
AJIsQIcV,0.00415327611993,0.00415327611993,0.00415327611993,0.00415327611993,0.00415327611993
AMHKXMh8,0.00272858172833,0.00272858172833,0.00272858172833,0.00272858172833,0.00272858172833
ASwA2J4E,0.00133809580033,0.00133809580033,0.00133809580033,0.00133809580033,0.00133809580033
AaFvEoHq,0.00135014846354,0.00135014846354,0.00135014846354,0.00135014846354,0.00135014846354
AiIPD6hX,0.00386929323173,0.00386929323173,0.00386929323173,0.00386929323173,0.00386929323173
AsIURvJS,0.00141279759861,0.00141279759861,0.00141279759861,0.00141279759861,0.00141279759861
AsvgbJ0C,0.00177523788617,0.00177523788617,0.00177523788617,0.00177523788617,0.00177523788617
AxEhbkCM,0.00447606885434,0.00447606885434,0.00447606885434,0.00447606885434,0.00447606885434
B7VPkIpx,0.00434492832972,0.00434492832972,0.00434492832972,0.00434492832972,0.00434492832972
BBwHqHiH,0.00406643274525,0.00406643274525,0.00406643274525,0.00406643274525,0.00406643274525
BMyps8hr,0.00420030659284,0.00420030659284,0.00420030659284,0.00420030659284,0.00420030659284
BUHS4dQw,0.00375526148102,0.00375526148102,0.00375526148102,0.00375526148102,0.00375526148102
BZB3EYWQ,0.001926672418,0.001926672418,0.001926672418,0.001926672418,0.001926672418
C5UPCZcL,0.00300484161776,0.00300484161776,0.00300484161776,0.00300484161776,0.00300484161776
C5gIfQbJ,0.00394132489098,0.00394132489098,0.00394132489098,0.00394132489098,0.00394132489098
CDRuu4Pn,0.00241246947383,0.00241246947383,0.00241246947383,0.00241246947383,0.00241246947383
CQhTYkqE,0.00483682487325,0.00483682487325,0.00483682487325,0.00483682487325,0.00483682487325
CSEobMXv,0.00344791077102,0.00344791077102,0.00344791077102,0.00344791077102,0.00344791077102
CYMQE4x0,0.00205307872927,0.00205307872927,0.00205307872927,0.00205307872927,0.00205307872927
ChQdtl4J,0.00485819259143,0.00485819259143,0.00485819259143,0.00485819259143,0.00485819259143
ChnD1nrN,0.00377316141911,0.00377316141911,0.00377316141911,0.00377316141911,0.00377316141911
CvtbbIcq,0.00385275631627,0.00385275631627,0.00385275631627,0.00385275631627,0.00385275631627
Cxk06b77,0.00421163205237,0.00421163205237,0.00421163205237,0.00421163205237,0.00421163205237
D3QD3ZEJ,0.00338113479997,0.00338113479997,0.00338113479997,0.00338113479997,0.00338113479997
D8J5C6lA,0.00319357063612,0.00319357063612,0.00319357063612,0.00319357063612,0.00319357063612
DCeQwYfT,0.00362763803031,0.00362763803031,0.00362763803031,0.00362763803031,0.00362763803031
DDEftkx3,0.00146381296301,0.00146381296301,0.00146381296301,0.00146381296301,0.00146381296301
DEwCfeDW,0.00458631571185,0.00458631571185,0.00458631571185,0.00458631571185,0.00458631571185
DMkIV4oL,0.00180526614548,0.00180526614548,0.00180526614548,0.00180526614548,0.00180526614548
DnzGfbxS,0.00454446573293,0.00454446573293,0.00454446573293,0.00454446573293,0.00454446573293
DoZxo6f6,0.00293837166798,0.00293837166798,0.00293837166798,0.00293837166798,0.00293837166798
DvhBPGIk,0.00286355716562,0.00286355716562,0.00286355716562,0.00286355716562,0.00286355716562
Dx7GoUcT,0.00389353619655,0.00389353619655,0.00389353619655,0.00389353619655,0.00389353619655
E5hIjohO,0.0051654424158,0.0051654424158,0.0051654424158,0.0051654424158,0.0051654424158
E6x4XGHt,0.00319844961957,0.00319844961957,0.00319844961957,0.00319844961957,0.00319844961957
EDEpAzh1,0.00486412937617,0.00486412937617,0.00486412937617,0.00486412937617,0.00486412937617
ETGudkQt,0.00323438804258,0.00323438804258,0.00323438804258,0.00323438804258,0.00323438804258
EUleKrLJ,0.0030758581005,0.0030758581005,0.0030758581005,0.0030758581005,0.0030758581005
Ehw2Jz6s,0.00369605552572,0.00369605552572,0.00369605552572,0.00369605552572,0.00369605552572
EjqzC4zH,0.00407657281437,0.00407657281437,0.00407657281437,0.00407657281437,0.00407657281437
EkMZO3Qj,0.00341015509937,0.00341015509937,0.00341015509937,0.00341015509937,0.00341015509937
EnoNXWvU,0.00244517209195,0.00244517209195,0.00244517209195,0.00244517209195,0.00244517209195
Epv8ANwr,0.00301667650874,0.00301667650874,0.00301667650874,0.00301667650874,0.00301667650874
Etro9j0B,0.00435330387999,0.00435330387999,0.00435330387999,0.00435330387999,0.00435330387999
F3MIZj76,0.00234976629199,0.00234976629199,0.00234976629199,0.00234976629199,0.00234976629199
FB8tU00K,0.00132182897889,0.00132182897889,0.00132182897889,0.00132182897889,0.00132182897889
FLhxBGMK,0.00447132830485,0.00447132830485,0.00447132830485,0.00447132830485,0.00447132830485
FRreR8ka,0.00498655433049,0.00498655433049,0.00498655433049,0.00498655433049,0.00498655433049
FXne4oAV,0.0029529119287,0.0029529119287,0.0029529119287,0.0029529119287,0.0029529119287
FaW764jk,0.00396851302115,0.00396851302115,0.00396851302115,0.00396851302115,0.00396851302115
FeAbMXly,0.00114038619875,0.00114038619875,0.00114038619875,0.00114038619875,0.00114038619875
FeudaFXn,0.00123132678461,0.00123132678461,0.00123132678461,0.00123132678461,0.00123132678461
FldUmFeM,0.00324720104203,0.00324720104203,0.00324720104203,0.00324720104203,0.00324720104203
Fnv5tfAm,0.00458966759427,0.00458966759427,0.00458966759427,0.00458966759427,0.00458966759427
FvrAd3Or,0.00203024988736,0.00203024988736,0.00203024988736,0.00203024988736,0.00203024988736
G48zHffi,0.00261944114353,0.00261944114353,0.00261944114353,0.00261944114353,0.00261944114353
G76zCv5N,0.00209332766924,0.00209332766924,0.00209332766924,0.00209332766924,0.00209332766924
G7JGUdNf,0.00502732603993,0.00502732603993,0.00502732603993,0.00502732603993,0.00502732603993
GCo6MONx,0.00284629233935,0.00284629233935,0.00284629233935,0.00284629233935,0.00284629233935
GE0vbpVQ,0.00299409456867,0.00299409456867,0.00299409456867,0.00299409456867,0.00299409456867
GN0DfOqt,0.00230531906809,0.00230531906809,0.00230531906809,0.00230531906809,0.00230531906809
GNsTAb1v,0.0040652431126,0.0040652431126,0.0040652431126,0.0040652431126,0.0040652431126
GPwmO21z,0.00306317690472,0.00306317690472,0.00306317690472,0.00306317690472,0.00306317690472
GQYpfLoh,0.00208893607908,0.00208893607908,0.00208893607908,0.00208893607908,0.00208893607908
GR9knT8n,0.00216033992847,0.00216033992847,0.00216033992847,0.00216033992847,0.00216033992847
GXtFFbZy,0.000217009195574,0.000217009195574,0.000217009195574,0.000217009195574,0.000217009195574
GYvzvvFD,0.00281104338435,0.00281104338435,0.00281104338435,0.00281104338435,0.00281104338435
GemPjTJ9,0.00317629142994,0.00317629142994,0.00317629142994,0.00317629142994,0.00317629142994
GkLYRm1K,0.0021685529953,0.0021685529953,0.0021685529953,0.0021685529953,0.0021685529953
GmlqP8eI,0.00286515584496,0.00286515584496,0.00286515584496,0.00286515584496,0.00286515584496
GqkIrOvf,0.00369332340864,0.00369332340864,0.00369332340864,0.00369332340864,0.00369332340864
H0fsegPi,0.00490819091665,0.00490819091665,0.00490819091665,0.00490819091665,0.00490819091665
H4dHpJjU,0.00426828039104,0.00426828039104,0.00426828039104,0.00426828039104,0.00426828039104
H5QwJCuU,0.00309945579294,0.00309945579294,0.00309945579294,0.00309945579294,0.00309945579294
H5uwmSZ0,0.00238696640504,0.00238696640504,0.00238696640504,0.00238696640504,0.00238696640504
H8MtbVoL,0.00497613661327,0.00497613661327,0.00497613661327,0.00497613661327,0.00497613661327
H9JrUYnp,0.00486946569058,0.00486946569058,0.00486946569058,0.00486946569058,0.00486946569058
HHYmmHVk,0.0025877204298,0.0025877204298,0.0025877204298,0.0025877204298,0.0025877204298
HJ5U4uqL,0.00281108311186,0.00281108311186,0.00281108311186,0.00281108311186,0.00281108311186
HNQxYc4w,0.00189980028985,0.00189980028985,0.00189980028985,0.00189980028985,0.00189980028985
HQYhKHZ8,0.00396110188508,0.00396110188508,0.00396110188508,0.00396110188508,0.00396110188508
HSCMx0MC,0.00184351190883,0.00184351190883,0.00184351190883,0.00184351190883,0.00184351190883
HXYuE0fx,0.00348877318099,0.00348877318099,0.00348877318099,0.00348877318099,0.00348877318099
HdKcxEWr,0.00379401064778,0.00379401064778,0.00379401064778,0.00379401064778,0.00379401064778
HecW1iCC,0.00397416757589,0.00397416757589,0.00397416757589,0.00397416757589,0.00397416757589
HpbKB8rv,0.00507214643966,0.00507214643966,0.00507214643966,0.00507214643966,0.00507214643966
HrkoYjCg,0.0032835303289,0.0032835303289,0.0032835303289,0.0032835303289,0.0032835303289
I5P2uquT,0.00400567021076,0.00400567021076,0.00400567021076,0.00400567021076,0.00400567021076
I94qkDM7,0.0031191377359,0.0031191377359,0.0031191377359,0.0031191377359,0.0031191377359
I9sQbtt8,0.00399791206111,0.00399791206111,0.00399791206111,0.00399791206111,0.00399791206111
IFxgw6ZX,0.00408439450981,0.00408439450981,0.00408439450981,0.00408439450981,0.00408439450981
IPPPSyoU,0.00165928545716,0.00165928545716,0.00165928545716,0.00165928545716,0.00165928545716
IQOYQubU,0.0033836015837,0.0033836015837,0.0033836015837,0.0033836015837,0.0033836015837
IYNE2SxU,0.00501820522243,0.00501820522243,0.00501820522243,0.00501820522243,0.00501820522243
IZRFk9kN,0.0032492909632,0.0032492909632,0.0032492909632,0.0032492909632,0.0032492909632
Iaq3v0t3,0.00143916164493,0.00143916164493,0.00143916164493,0.00143916164493,0.00143916164493
IbVwu1t6,0.00205838100401,0.00205838100401,0.00205838100401,0.00205838100401,0.00205838100401
IcHKTLyo,0.00460152331753,0.00460152331753,0.00460152331753,0.00460152331753,0.00460152331753
IpW80wVB,0.00266166666287,0.00266166666287,0.00266166666287,0.00266166666287,0.00266166666287
Itb0PYUV,0.00323500298493,0.00323500298493,0.00323500298493,0.00323500298493,0.00323500298493
J8fpSwS0,0.00117604278414,0.00117604278414,0.00117604278414,0.00117604278414,0.00117604278414
JE1SlbD0,0.00435943693863,0.00435943693863,0.00435943693863,0.00435943693863,0.00435943693863
JEB4McNb,0.00271747400155,0.00271747400155,0.00271747400155,0.00271747400155,0.00271747400155
JEE4QVeQ,0.003496600179,0.003496600179,0.003496600179,0.003496600179,0.003496600179
JJSEU2VQ,0.00152896639977,0.00152896639977,0.00152896639977,0.00152896639977,0.00152896639977
JSsVriP2,0.00193041302815,0.00193041302815,0.00193041302815,0.00193041302815,0.00193041302815
JUvQNiOK,0.00287926878008,0.00287926878008,0.00287926878008,0.00287926878008,0.00287926878008
JZbrRtm2,0.00245075101994,0.00245075101994,0.00245075101994,0.00245075101994,0.00245075101994
JcE9G92B,0.00466600892225,0.00466600892225,0.00466600892225,0.00466600892225,0.00466600892225
JnNYpXHr,0.00324913924768,0.00324913924768,0.00324913924768,0.00324913924768,0.00324913924768
JzpbnOtz,0.00156340195489,0.00156340195489,0.00156340195489,0.00156340195489,0.00156340195489
JzzUhPQp,0.00258436016418,0.00258436016418,0.00258436016418,0.00258436016418,0.00258436016418
K05R8dQK,0.00224983944554,0.00224983944554,0.00224983944554,0.00224983944554,0.00224983944554
K17pG2mG,0.00344260047558,0.00344260047558,0.00344260047558,0.00344260047558,0.00344260047558
K8BellUe,0.00238193910894,0.00238193910894,0.00238193910894,0.00238193910894,0.00238193910894
KJ2eH6rr,0.00216601284181,0.00216601284181,0.00216601284181,0.00216601284181,0.00216601284181
KJEJ6Glk,0.00435572844535,0.00435572844535,0.00435572844535,0.00435572844535,0.00435572844535
KSbO0oXS,0.00567652850771,0.00567652850771,0.00567652850771,0.00567652850771,0.00567652850771
KXtvmd01,0.00194030330236,0.00194030330236,0.00194030330236,0.00194030330236,0.00194030330236
KYiJqBuJ,0.00428040878116,0.00428040878116,0.00428040878116,0.00428040878116,0.00428040878116
KmbAyTcE,0.00242310886277,0.00242310886277,0.00242310886277,0.00242310886277,0.00242310886277
KnNyl3rV,0.00244674867281,0.00244674867281,0.00244674867281,0.00244674867281,0.00244674867281
Kp2DG8TZ,0.00291032396345,0.00291032396345,0.00291032396345,0.00291032396345,0.00291032396345
KqQtKWs5,0.00229461284948,0.00229461284948,0.00229461284948,0.00229461284948,0.00229461284948
Ku27g63R,0.00330591250523,0.00330591250523,0.00330591250523,0.00330591250523,0.00330591250523
L2aTVqDq,0.00190018016602,0.00190018016602,0.00190018016602,0.00190018016602,0.00190018016602
L5jvq6G4,0.00277990689024,0.00277990689024,0.00277990689024,0.00277990689024,0.00277990689024
L91hYVQl,0.00322601354174,0.00322601354174,0.00322601354174,0.00322601354174,0.00322601354174
LINAMlbA,0.00277193580718,0.00277193580718,0.00277193580718,0.00277193580718,0.00277193580718
LJoUNXSx,0.00154267156429,0.00154267156429,0.00154267156429,0.00154267156429,0.00154267156429
LLtSiyWD,0.00261002718558,0.00261002718558,0.00261002718558,0.00261002718558,0.00261002718558
LQJtV8kn,0.00490545680049,0.00490545680049,0.00490545680049,0.00490545680049,0.00490545680049
LW9uddw7,0.00378361745942,0.00378361745942,0.00378361745942,0.00378361745942,0.00378361745942
LZ6sdBTR,0.00209565593129,0.00209565593129,0.00209565593129,0.00209565593129,0.00209565593129
La2Vhnne,0.00532494066367,0.00532494066367,0.00532494066367,0.00532494066367,0.00532494066367
LaUWSq9B,0.00486067538997,0.00486067538997,0.00486067538997,0.00486067538997,0.00486067538997
Lk4SfkPQ,0.00341796865397,0.00341796865397,0.00341796865397,0.00341796865397,0.00341796865397
LllC836d,0.00294293646065,0.00294293646065,0.00294293646065,0.00294293646065,0.00294293646065
LuGiGeWN,0.00289560055896,0.00289560055896,0.00289560055896,0.00289560055896,0.00289560055896
LzcyHcWa,0.00110837828355,0.00110837828355,0.00110837828355,0.00110837828355,0.00110837828355
M7veP0H4,0.0033931807874,0.0033931807874,0.0033931807874,0.0033931807874,0.0033931807874
MB8aaJUc,0.00310038302295,0.00310038302295,0.00310038302295,0.00310038302295,0.00310038302295
MDpe2zuy,0.00506599076642,0.00506599076642,0.00506599076642,0.00506599076642,0.00506599076642
MEzdmEIU,0.00238462596723,0.00238462596723,0.00238462596723,0.00238462596723,0.00238462596723
MVnhtivm,0.00345010370414,0.00345010370414,0.00345010370414,0.00345010370414,0.00345010370414
MYU7WDis,0.00323056759142,0.00323056759142,0.00323056759142,0.00323056759142,0.00323056759142
MZFqh6yw,0.00337212641011,0.00337212641011,0.00337212641011,0.00337212641011,0.00337212641011
Mdgy4SsO,0.00321119698705,0.00321119698705,0.00321119698705,0.00321119698705,0.00321119698705
Mj8awnzy,0.0027182417645,0.0027182417645,0.0027182417645,0.0027182417645,0.0027182417645
MpFPbUJy,0.00439087372045,0.00439087372045,0.00439087372045,0.00439087372045,0.00439087372045
Mqk7MFBM,0.00308947477854,0.00308947477854,0.00308947477854,0.00308947477854,0.00308947477854
Mqs2t1Eo,0.00486510675973,0.00486510675973,0.00486510675973,0.00486510675973,0.00486510675973
Mv3jFVxp,0.00311271388707,0.00311271388707,0.00311271388707,0.00311271388707,0.00311271388707
MxODTXvA,0.00409266163902,0.00409266163902,0.00409266163902,0.00409266163902,0.00409266163902
N46PbpPM,0.00245426635088,0.00245426635088,0.00245426635088,0.00245426635088,0.00245426635088
N5S5F9Gk,0.00244177985016,0.00244177985016,0.00244177985016,0.00244177985016,0.00244177985016
NLDg5fqw,7.26319159553e-05,7.26319159553e-05,7.26319159553e-05,7.26319159553e-05,7.26319159553e-05
NOho2ZiM,0.00383549523226,0.00383549523226,0.00383549523226,0.00383549523226,0.00383549523226
NUuY7PFU,0.00456679537605,0.00456679537605,0.00456679537605,0.00456679537605,0.00456679537605
NV1e8AEO,0.00183020312625,0.00183020312625,0.00183020312625,0.00183020312625,0.00183020312625
NZLXROKC,0.00492463842957,0.00492463842957,0.00492463842957,0.00492463842957,0.00492463842957
NaJo7C6o,0.00398701766348,0.00398701766348,0.00398701766348,0.00398701766348,0.00398701766348
NgsyGkrO,0.00391075573316,0.00391075573316,0.00391075573316,0.00391075573316,0.00391075573316
NjOx4Zpo,0.00266116632918,0.00266116632918,0.00266116632918,0.00266116632918,0.00266116632918
NmQoI7x0,0.00392822785109,0.00392822785109,0.00392822785109,0.00392822785109,0.00392822785109
No4wkdLS,0.0032465836508,0.0032465836508,0.0032465836508,0.0032465836508,0.0032465836508
NouMwhOf,0.00221936433016,0.00221936433016,0.00221936433016,0.00221936433016,0.00221936433016
O6YAWd8C,0.00374439949373,0.00374439949373,0.00374439949373,0.00374439949373,0.00374439949373
OAXVphSh,0.00450571521846,0.00450571521846,0.00450571521846,0.00450571521846,0.00450571521846
OJBBhb6Q,0.00186239209292,0.00186239209292,0.00186239209292,0.00186239209292,0.00186239209292
OSIQXImL,0.00507757242014,0.00507757242014,0.00507757242014,0.00507757242014,0.00507757242014
OUUFc5Zz,0.00217388733897,0.00217388733897,0.00217388733897,0.00217388733897,0.00217388733897
OVk1lquT,0.0044522137396,0.0044522137396,0.0044522137396,0.0044522137396,0.0044522137396
OXdRxjzz,0.00218192296971,0.00218192296971,0.00218192296971,0.00218192296971,0.00218192296971
OXxW2ekf,0.00215518370478,0.00215518370478,0.00215518370478,0.00215518370478,0.00215518370478
OXz5OpqR,0.00411573304547,0.00411573304547,0.00411573304547,0.00411573304547,0.00411573304547
OcBFW1AX,0.00310275468711,0.00310275468711,0.00310275468711,0.00310275468711,0.00310275468711
Of9V2rpt,0.00400613054001,0.00400613054001,0.00400613054001,0.00400613054001,0.00400613054001
OfLxPhbG,0.00375199961634,0.00375199961634,0.00375199961634,0.00375199961634,0.00375199961634
Ojx2vi48,0.00326933696428,0.00326933696428,0.00326933696428,0.00326933696428,0.00326933696428
P3M32iuT,0.00247325050061,0.00247325050061,0.00247325050061,0.00247325050061,0.00247325050061
P7olVzrO,0.00382270494249,0.00382270494249,0.00382270494249,0.00382270494249,0.00382270494249
PAPHErnv,0.000815348651862,0.000815348651862,0.000815348651862,0.000815348651862,0.000815348651862
PBjEtfXb,0.000963344387309,0.000963344387309,0.000963344387309,0.000963344387309,0.000963344387309
PZGpoBBj,0.00186858797103,0.00186858797103,0.00186858797103,0.00186858797103,0.00186858797103
Pc2RrxXS,0.00226273814569,0.00226273814569,0.00226273814569,0.00226273814569,0.00226273814569
PcHQ4FOu,0.00534683448506,0.00534683448506,0.00534683448506,0.00534683448506,0.00534683448506
PeNyTOVN,0.00271932270231,0.00271932270231,0.00271932270231,0.00271932270231,0.00271932270231
PhUPSU53,0.00446875237399,0.00446875237399,0.00446875237399,0.00446875237399,0.00446875237399
PmUNeV2O,0.00257486110976,0.00257486110976,0.00257486110976,0.00257486110976,0.00257486110976
PoDJ0uvK,0.00281511292229,0.00281511292229,0.00281511292229,0.00281511292229,0.00281511292229
PsUJdJdg,0.00333515719572,0.00333515719572,0.00333515719572,0.00333515719572,0.00333515719572
Q3xLFx1f,0.00329808759544,0.00329808759544,0.00329808759544,0.00329808759544,0.00329808759544
QBGxCvdM,0.00489361817718,0.00489361817718,0.00489361817718,0.00489361817718,0.00489361817718
QCEPyu6L,0.00135134316622,0.00135134316622,0.00135134316622,0.00135134316622,0.00135134316622
QEfwec4s,0.00441637122848,0.00441637122848,0.00441637122848,0.00441637122848,0.00441637122848
QZ87Nnr3,0.00387837482677,0.00387837482677,0.00387837482677,0.00387837482677,0.00387837482677
QlyGN9jv,0.00124358130881,0.00124358130881,0.00124358130881,0.00124358130881,0.00124358130881
QqgWE1ny,0.00564873527165,0.00564873527165,0.00564873527165,0.00564873527165,0.00564873527165
QrjjBpZd,0.00352027146478,0.00352027146478,0.00352027146478,0.00352027146478,0.00352027146478
QsaBiX7V,0.00618301450851,0.00618301450851,0.00618301450851,0.00618301450851,0.00618301450851
QtBKJuZk,0.00337041725672,0.00337041725672,0.00337041725672,0.00337041725672,0.00337041725672
QtPRO8OJ,0.00312330560836,0.00312330560836,0.00312330560836,0.00312330560836,0.00312330560836
R8XcsFnp,0.000453025126292,0.000453025126292,0.000453025126292,0.000453025126292,0.000453025126292
RROfRt9z,0.00218017650313,0.00218017650313,0.00218017650313,0.00218017650313,0.00218017650313
RTcbiDGq,0.00240722119029,0.00240722119029,0.00240722119029,0.00240722119029,0.00240722119029
RVidM9g0,0.0018238950791,0.0018238950791,0.0018238950791,0.0018238950791,0.0018238950791
RZnQSH19,0.0019135442287,0.0019135442287,0.0019135442287,0.0019135442287,0.0019135442287
Rc4UK7fT,0.0028021021739,0.0028021021739,0.0028021021739,0.0028021021739,0.0028021021739
RcKBKh6B,0.00272755289758,0.00272755289758,0.00272755289758,0.00272755289758,0.00272755289758
ReM5kDa5,0.00538084942378,0.00538084942378,0.00538084942378,0.00538084942378,0.00538084942378
RfntsotG,0.00217509973587,0.00217509973587,0.00217509973587,0.00217509973587,0.00217509973587
RiXMlzXD,0.00305522412959,0.00305522412959,0.00305522412959,0.00305522412959,0.00305522412959
Rik83O3m,0.00438941285918,0.00438941285918,0.00438941285918,0.00438941285918,0.00438941285918
S3PCzDzO,0.00365758226929,0.00365758226929,0.00365758226929,0.00365758226929,0.00365758226929
S77BviOJ,0.0052133031652,0.0052133031652,0.0052133031652,0.0052133031652,0.0052133031652
SDdvtktF,0.00378376365198,0.00378376365198,0.00378376365198,0.00378376365198,0.00378376365198
SHs1AyfM,0.00396416043786,0.00396416043786,0.00396416043786,0.00396416043786,0.00396416043786
SO4zQy9k,0.00144015087719,0.00144015087719,0.00144015087719,0.00144015087719,0.00144015087719
SOOBCoiG,0.00352766609256,0.00352766609256,0.00352766609256,0.00352766609256,0.00352766609256
SXkkPB7A,0.0011788475933,0.0011788475933,0.0011788475933,0.0011788475933,0.0011788475933
Sa93dGqq,0.00278665947338,0.00278665947338,0.00278665947338,0.00278665947338,0.00278665947338
SonIG72a,0.00119608887754,0.00119608887754,0.00119608887754,0.00119608887754,0.00119608887754
Suf6hIBc,0.00142950551315,0.00142950551315,0.00142950551315,0.00142950551315,0.00142950551315
Sx2JeSRz,0.00354157153285,0.00354157153285,0.00354157153285,0.00354157153285,0.00354157153285
T1Tlftr4,0.00139141773067,0.00139141773067,0.00139141773067,0.00139141773067,0.00139141773067
T7ulR4ci,0.00331395526868,0.00331395526868,0.00331395526868,0.00331395526868,0.00331395526868
TA1NB3Br,0.00136824821587,0.00136824821587,0.00136824821587,0.00136824821587,0.00136824821587
TFZUskaK,0.00444904381593,0.00444904381593,0.00444904381593,0.00444904381593,0.00444904381593
TNL8HGWZ,0.00495587158619,0.00495587158619,0.00495587158619,0.00495587158619,0.00495587158619
TZ8z1GSF,0.0037065053637,0.0037065053637,0.0037065053637,0.0037065053637,0.0037065053637
TqhRvkJJ,0.00343227818107,0.00343227818107,0.00343227818107,0.00343227818107,0.00343227818107
TtJCUiY4,0.000994088948582,0.000994088948582,0.000994088948582,0.000994088948582,0.000994088948582
TwDq0lua,0.00484552481742,0.00484552481742,0.00484552481742,0.00484552481742,0.00484552481742
Tzyf02sI,0.00294642762701,0.00294642762701,0.00294642762701,0.00294642762701,0.00294642762701
U3yI6ZS5,0.00405565003299,0.00405565003299,0.00405565003299,0.00405565003299,0.00405565003299
UBLnXZAN,0.00443566798776,0.00443566798776,0.00443566798776,0.00443566798776,0.00443566798776
UBWDzleg,0.00266517047113,0.00266517047113,0.00266517047113,0.00266517047113,0.00266517047113
UBqkX6SY,0.00214173530137,0.00214173530137,0.00214173530137,0.00214173530137,0.00214173530137
UCIAi1Aj,0.00566187656674,0.00566187656674,0.00566187656674,0.00566187656674,0.00566187656674
UPbXGvCS,0.00484671528651,0.00484671528651,0.00484671528651,0.00484671528651,0.00484671528651
UeWm1l9F,0.00189207980871,0.00189207980871,0.00189207980871,0.00189207980871,0.00189207980871
UhucscY7,0.00491087444654,0.00491087444654,0.00491087444654,0.00491087444654,0.00491087444654
Uri1SvHV,0.0045367708894,0.0045367708894,0.0045367708894,0.0045367708894,0.0045367708894
UzxipGJS,0.00195739882524,0.00195739882524,0.00195739882524,0.00195739882524,0.00195739882524
V74zfaAQ,0.00468868190576,0.00468868190576,0.00468868190576,0.00468868190576,0.00468868190576
VBPxBLTh,0.00389589515516,0.00389589515516,0.00389589515516,0.00389589515516,0.00389589515516
VLG7CXYS,0.00229544075236,0.00229544075236,0.00229544075236,0.00229544075236,0.00229544075236
VNk52SpF,0.0030866856821,0.0030866856821,0.0030866856821,0.0030866856821,0.0030866856821
VOREKsok,0.00100921978537,0.00100921978537,0.00100921978537,0.00100921978537,0.00100921978537
VRhTr5pX,0.00271267810755,0.00271267810755,0.00271267810755,0.00271267810755,0.00271267810755
VTcG4Kcw,0.00182559174575,0.00182559174575,0.00182559174575,0.00182559174575,0.00182559174575
VeKiWSbS,0.00124346247267,0.00124346247267,0.00124346247267,0.00124346247267,0.00124346247267
VnU8nJHU,0.00472639834558,0.00472639834558,0.00472639834558,0.00472639834558,0.00472639834558
VueNCxYv,0.00264602110673,0.00264602110673,0.00264602110673,0.00264602110673,0.00264602110673
VxuQTRUl,0.00623038445401,0.00623038445401,0.00623038445401,0.00623038445401,0.00623038445401
W5lgaocA,0.00338426769835,0.00338426769835,0.00338426769835,0.00338426769835,0.00338426769835
W5mMq9Ef,0.00181059074438,0.00181059074438,0.00181059074438,0.00181059074438,0.00181059074438
WDhNqFpS,0.00534196529783,0.00534196529783,0.00534196529783,0.00534196529783,0.00534196529783
WE6n1kZi,0.00198108137573,0.00198108137573,0.00198108137573,0.00198108137573,0.00198108137573
WFk6r3vA,0.0045478813949,0.0045478813949,0.0045478813949,0.0045478813949,0.0045478813949
WFyIrsUR,0.00153501741351,0.00153501741351,0.00153501741351,0.00153501741351,0.00153501741351
WG6ZAsqR,0.00177015242427,0.00177015242427,0.00177015242427,0.00177015242427,0.00177015242427
WMq3CZQk,0.0019925044103,0.0019925044103,0.0019925044103,0.0019925044103,0.0019925044103
WRskmGjh,0.00455959845039,0.00455959845039,0.00455959845039,0.00455959845039,0.00455959845039
WXijSglj,0.0037874641899,0.0037874641899,0.0037874641899,0.0037874641899,0.0037874641899
Wc0stQgu,0.00263419990875,0.00263419990875,0.00263419990875,0.00263419990875,0.00263419990875
WewoSCUB,0.00264316755301,0.00264316755301,0.00264316755301,0.00264316755301,0.00264316755301
WuHuhHWJ,0.00237322749407,0.00237322749407,0.00237322749407,0.00237322749407,0.00237322749407
Wv7EBtZb,0.00391548466861,0.00391548466861,0.00391548466861,0.00391548466861,0.00391548466861
WyPlxDn0,0.00140595412143,0.00140595412143,0.00140595412143,0.00140595412143,0.00140595412143
X3WqoSNN,0.00239163860958,0.00239163860958,0.00239163860958,0.00239163860958,0.00239163860958
XDhyP9KB,0.00324128695578,0.00324128695578,0.00324128695578,0.00324128695578,0.00324128695578
XQxhDRMG,0.00212876722398,0.00212876722398,0.00212876722398,0.00212876722398,0.00212876722398
XjLNAwxW,0.00454990115646,0.00454990115646,0.00454990115646,0.00454990115646,0.00454990115646
XjfVQbXd,0.00251044205981,0.00251044205981,0.00251044205981,0.00251044205981,0.00251044205981
Xovczbf6,0.00130911171103,0.00130911171103,0.00130911171103,0.00130911171103,0.00130911171103
Y8H4onBf,0.00186182473957,0.00186182473957,0.00186182473957,0.00186182473957,0.00186182473957
Y8YgzSZ9,0.00289955094135,0.00289955094135,0.00289955094135,0.00289955094135,0.00289955094135
YC4PNV20,0.00386852544971,0.00386852544971,0.00386852544971,0.00386852544971,0.00386852544971
YDHSCRdd,0.0044109862391,0.0044109862391,0.0044109862391,0.0044109862391,0.0044109862391
YIJ87aME,0.00424857209796,0.00424857209796,0.00424857209796,0.00424857209796,0.00424857209796
YKvT4dFv,0.00273454040539,0.00273454040539,0.00273454040539,0.00273454040539,0.00273454040539
YNebALR2,0.00300687980769,0.00300687980769,0.00300687980769,0.00300687980769,0.00300687980769
YNrnqFyb,0.00283161224145,0.00283161224145,0.00283161224145,0.00283161224145,0.00283161224145
YUZ4lR3m,0.00328985137406,0.00328985137406,0.00328985137406,0.00328985137406,0.00328985137406
YYLvjoVC,0.00390970865656,0.00390970865656,0.00390970865656,0.00390970865656,0.00390970865656
Yb8OtMb2,0.0044933761754,0.0044933761754,0.0044933761754,0.0044933761754,0.0044933761754
Ycg4lTYw,0.00541434868243,0.00541434868243,0.00541434868243,0.00541434868243,0.00541434868243
Yfk6tekH,0.00282919611774,0.00282919611774,0.00282919611774,0.00282919611774,0.00282919611774
YoSfgmR6,0.00393353563454,0.00393353563454,0.00393353563454,0.00393353563454,0.00393353563454
YpzFvexy,0.00358993137199,0.00358993137199,0.00358993137199,0.00358993137199,0.00358993137199
Yxqppfa3,0.00160703484133,0.00160703484133,0.00160703484133,0.00160703484133,0.00160703484133
Z16jTUvP,0.00254341347837,0.00254341347837,0.00254341347837,0.00254341347837,0.00254341347837
Z2BdCCbJ,0.00136047485891,0.00136047485891,0.00136047485891,0.00136047485891,0.00136047485891
Z2JJMM6V,0.00559272668087,0.00559272668087,0.00559272668087,0.00559272668087,0.00559272668087
Z5jE1OB5,0.00203606660461,0.00203606660461,0.00203606660461,0.00203606660461,0.00203606660461
ZFsIqYxA,0.00452202895276,0.00452202895276,0.00452202895276,0.00452202895276,0.00452202895276
ZHDVsoRh,0.00297355653204,0.00297355653204,0.00297355653204,0.00297355653204,0.00297355653204
ZSmfu2Fc,0.00112539027607,0.00112539027607,0.00112539027607,0.00112539027607,0.00112539027607
ZU8YXF3H,0.00171593273198,0.00171593273198,0.00171593273198,0.00171593273198,0.00171593273198
ZXKaNy6Z,0.00323526388735,0.00323526388735,0.00323526388735,0.00323526388735,0.00323526388735
ZbYLo0zK,0.00371410925149,0.00371410925149,0.00371410925149,0.00371410925149,0.00371410925149
ZedN8Gcn,0.00203323037958,0.00203323037958,0.00203323037958,0.00203323037958,0.00203323037958
ZgD4Dau6,0.00324419095722,0.00324419095722,0.00324419095722,0.00324419095722,0.00324419095722
Zgzf79LA,0.00311153974554,0.00311153974554,0.00311153974554,0.00311153974554,0.00311153974554
ZjqzxDOF,0.00338649271949,0.00338649271949,0.00338649271949,0.00338649271949,0.00338649271949
ZsZ5aDpq,0.00348509105006,0.00348509105006,0.00348509105006,0.00348509105006,0.00348509105006
ZtyqE7If,0.00220596829616,0.00220596829616,0.00220596829616,0.00220596829616,0.00220596829616
ZvUgz01f,0.00176251114994,0.00176251114994,0.00176251114994,0.00176251114994,0.00176251114994
ZwrhgdQV,0.00267799064472,0.00267799064472,0.00267799064472,0.00267799064472,0.00267799064472
a7bhJGBU,0.0029839192209,0.0029839192209,0.0029839192209,0.0029839192209,0.0029839192209
aHpv6KzP,0.00373323717046,0.00373323717046,0.00373323717046,0.00373323717046,0.00373323717046
aINzEBVN,0.00300240925127,0.00300240925127,0.00300240925127,0.00300240925127,0.00300240925127
aP9EtTGF,0.00217076588319,0.00217076588319,0.00217076588319,0.00217076588319,0.00217076588319
aV6EhtSL,0.00521121722289,0.00521121722289,0.00521121722289,0.00521121722289,0.00521121722289
aVZsXKoH,0.00170300728911,0.00170300728911,0.00170300728911,0.00170300728911,0.00170300728911
aYVnVJvc,0.00515814169389,0.00515814169389,0.00515814169389,0.00515814169389,0.00515814169389
abCzN1zx,0.00170833327782,0.00170833327782,0.00170833327782,0.00170833327782,0.00170833327782
ae7sMiB4,0.00314830814893,0.00314830814893,0.00314830814893,0.00314830814893,0.00314830814893
afsVuCGV,0.00130001396004,0.00130001396004,0.00130001396004,0.00130001396004,0.00130001396004
aiwBQETI,0.00509503006039,0.00509503006039,0.00509503006039,0.00509503006039,0.00509503006039
aiyli4EI,0.00246046700968,0.00246046700968,0.00246046700968,0.00246046700968,0.00246046700968
apJ7NmzD,0.00242113099279,0.00242113099279,0.00242113099279,0.00242113099279,0.00242113099279
atVjNMtQ,0.00388942911427,0.00388942911427,0.00388942911427,0.00388942911427,0.00388942911427
b5GirVGV,0.00269822531953,0.00269822531953,0.00269822531953,0.00269822531953,0.00269822531953
b9SpMjNB,0.00254442326301,0.00254442326301,0.00254442326301,0.00254442326301,0.00254442326301
bAFs37yy,0.00181997432778,0.00181997432778,0.00181997432778,0.00181997432778,0.00181997432778
bDia1hHV,0.00261288864521,0.00261288864521,0.00261288864521,0.00261288864521,0.00261288864521
bFkv5Mtr,0.00405864881198,0.00405864881198,0.00405864881198,0.00405864881198,0.00405864881198
bHe2IXgA,0.004353394323,0.004353394323,0.004353394323,0.004353394323,0.004353394323
bWX3vUm5,0.00434940484921,0.00434940484921,0.00434940484921,0.00434940484921,0.00434940484921
bat8tcGs,0.00244839751982,0.00244839751982,0.00244839751982,0.00244839751982,0.00244839751982
bfjej4wu,0.0042042930412,0.0042042930412,0.0042042930412,0.0042042930412,0.0042042930412
bh04YDiP,0.00307613923448,0.00307613923448,0.00307613923448,0.00307613923448,0.00307613923448
c110Fdc8,0.00163265031408,0.00163265031408,0.00163265031408,0.00163265031408,0.00163265031408
c32GUzMa,0.00296589388495,0.00296589388495,0.00296589388495,0.00296589388495,0.00296589388495
cT6uU0B0,0.0020132257648,0.0020132257648,0.0020132257648,0.0020132257648,0.0020132257648
cWXCiFwh,0.00454672298909,0.00454672298909,0.00454672298909,0.00454672298909,0.00454672298909
ceNvS3yd,0.00184827902643,0.00184827902643,0.00184827902643,0.00184827902643,0.00184827902643
cmwdt4Av,0.00337593771112,0.00337593771112,0.00337593771112,0.00337593771112,0.00337593771112
cn4EHsup,0.00205068479117,0.00205068479117,0.00205068479117,0.00205068479117,0.00205068479117
crVOGGTT,0.00194369574971,0.00194369574971,0.00194369574971,0.00194369574971,0.00194369574971
csPEJ1E5,0.00657405996522,0.00657405996522,0.00657405996522,0.00657405996522,0.00657405996522
d0UrRtMk,0.00200871570177,0.00200871570177,0.00200871570177,0.00200871570177,0.00200871570177
d6LU4G4I,0.00516651451259,0.00516651451259,0.00516651451259,0.00516651451259,0.00516651451259
d74T1DVv,0.00330055942562,0.00330055942562,0.00330055942562,0.00330055942562,0.00330055942562
dR6rM1tQ,0.00238271219851,0.00238271219851,0.00238271219851,0.00238271219851,0.00238271219851
dUNxOoqg,0.0027561442304,0.0027561442304,0.0027561442304,0.0027561442304,0.0027561442304
dUnlyhj7,0.00266097568483,0.00266097568483,0.00266097568483,0.00266097568483,0.00266097568483
dVDlnZQ6,0.00445868530289,0.00445868530289,0.00445868530289,0.00445868530289,0.00445868530289
dVT26GDu,0.00212572895934,0.00212572895934,0.00212572895934,0.00212572895934,0.00212572895934
de43ycXY,0.0023944608442,0.0023944608442,0.0023944608442,0.0023944608442,0.0023944608442
dfIn7m9z,0.0029662199584,0.0029662199584,0.0029662199584,0.0029662199584,0.0029662199584
dhmb9ZY9,0.00435732860878,0.00435732860878,0.00435732860878,0.00435732860878,0.00435732860878
dn8kCuyf,0.00346241855646,0.00346241855646,0.00346241855646,0.00346241855646,0.00346241855646
dpcquvWW,0.00221982536575,0.00221982536575,0.00221982536575,0.00221982536575,0.00221982536575
dqcbIMyr,0.00263087128503,0.00263087128503,0.00263087128503,0.00263087128503,0.00263087128503
drWgsBf5,0.00521198538018,0.00521198538018,0.00521198538018,0.00521198538018,0.00521198538018
dytx0HSe,0.00168623169251,0.00168623169251,0.00168623169251,0.00168623169251,0.00168623169251
e4KkkIha,0.00274926607199,0.00274926607199,0.00274926607199,0.00274926607199,0.00274926607199
e9YorH4m,0.00218471831807,0.00218471831807,0.00218471831807,0.00218471831807,0.00218471831807
eB9gVQ0R,-0.000319853714945,-0.000319853714945,-0.000319853714945,-0.000319853714945,-0.000319853714945
eMhLFqU6,0.00287054329816,0.00287054329816,0.00287054329816,0.00287054329816,0.00287054329816
eMllg1qm,0.00321545791209,0.00321545791209,0.00321545791209,0.00321545791209,0.00321545791209
eNPunZ9i,0.00263587969085,0.00263587969085,0.00263587969085,0.00263587969085,0.00263587969085
eS5BSM4J,0.0019685330194,0.0019685330194,0.0019685330194,0.0019685330194,0.0019685330194
eVGMFoOI,0.0019707500458,0.0019707500458,0.0019707500458,0.0019707500458,0.0019707500458
eaIwb3rG,0.000243609942628,0.000243609942628,0.000243609942628,0.000243609942628,0.000243609942628
eyzw8Vis,0.00107500061153,0.00107500061153,0.00107500061153,0.00107500061153,0.00107500061153
f04Ke2bN,0.0020637159005,0.0020637159005,0.0020637159005,0.0020637159005,0.0020637159005
f4GA0te1,0.00167312921119,0.00167312921119,0.00167312921119,0.00167312921119,0.00167312921119
f7bd91h5,0.00291274775139,0.00291274775139,0.00291274775139,0.00291274775139,0.00291274775139
fB7z9ndr,0.00147622126505,0.00147622126505,0.00147622126505,0.00147622126505,0.00147622126505
fEe7AWFA,0.00214693071848,0.00214693071848,0.00214693071848,0.00214693071848,0.00214693071848
fJJIbgY9,0.0017286991207,0.0017286991207,0.0017286991207,0.0017286991207,0.0017286991207
fQBURMvg,0.00166496666702,0.00166496666702,0.00166496666702,0.00166496666702,0.00166496666702
fS0HpOub,0.00187391987106,0.00187391987106,0.00187391987106,0.00187391987106,0.00187391987106
fTDXauuk,0.00248039987362,0.00248039987362,0.00248039987362,0.00248039987362,0.00248039987362
favPNA2N,0.00303034636236,0.00303034636236,0.00303034636236,0.00303034636236,0.00303034636236
g3Fv0U4k,0.00390087646286,0.00390087646286,0.00390087646286,0.00390087646286,0.00390087646286
g5PKo2E2,0.00435732555088,0.00435732555088,0.00435732555088,0.00435732555088,0.00435732555088
gbjnD5fe,0.00211405232016,0.00211405232016,0.00211405232016,0.00211405232016,0.00211405232016
ge9zqXCv,0.00107642490638,0.00107642490638,0.00107642490638,0.00107642490638,0.00107642490638
geeqJpSE,0.00124876171694,0.00124876171694,0.00124876171694,0.00124876171694,0.00124876171694
gqy1J2RS,0.00504148502033,0.00504148502033,0.00504148502033,0.00504148502033,0.00504148502033
grlUtS3H,0.00370291497198,0.00370291497198,0.00370291497198,0.00370291497198,0.00370291497198
gx965KYj,0.0043208327477,0.0043208327477,0.0043208327477,0.0043208327477,0.0043208327477
h3F08Vjm,0.00229863250635,0.00229863250635,0.00229863250635,0.00229863250635,0.00229863250635
h6FQG8Iy,0.00085598094124,0.00085598094124,0.00085598094124,0.00085598094124,0.00085598094124
h7ftM8b3,0.00227662416041,0.00227662416041,0.00227662416041,0.00227662416041,0.00227662416041
hLrCHXZv,0.00522937683573,0.00522937683573,0.00522937683573,0.00522937683573,0.00522937683573
hQ6VBuFx,3.7458696671e-05,3.7458696671e-05,3.7458696671e-05,3.7458696671e-05,3.7458696671e-05
hYoR2y7w,0.00419856767667,0.00419856767667,0.00419856767667,0.00419856767667,0.00419856767667
hf65yZkM,0.00292880518086,0.00292880518086,0.00292880518086,0.00292880518086,0.00292880518086
hjuwe1x4,0.00588083148805,0.00588083148805,0.00588083148805,0.00588083148805,0.00588083148805
hyINlsFR,-0.000153904420058,-0.000153904420058,-0.000153904420058,-0.000153904420058,-0.000153904420058
i0Qlm9Bv,0.00231445989242,0.00231445989242,0.00231445989242,0.00231445989242,0.00231445989242
i1VxfxMb,0.00218252949764,0.00218252949764,0.00218252949764,0.00218252949764,0.00218252949764
i2l6jXNP,0.00299304240617,0.00299304240617,0.00299304240617,0.00299304240617,0.00299304240617
i4FgPZv7,0.00242330512849,0.00242330512849,0.00242330512849,0.00242330512849,0.00242330512849
i7XtIkSi,0.00274055216427,0.00274055216427,0.00274055216427,0.00274055216427,0.00274055216427
i9z346Ut,0.00187026289626,0.00187026289626,0.00187026289626,0.00187026289626,0.00187026289626
iDOat4cZ,0.00262539662185,0.00262539662185,0.00262539662185,0.00262539662185,0.00262539662185
iNv6RoSO,0.00229469932853,0.00229469932853,0.00229469932853,0.00229469932853,0.00229469932853
iSL9NYzy,0.00376575340954,0.00376575340954,0.00376575340954,0.00376575340954,0.00376575340954
iSqVc1r8,0.0026967521065,0.0026967521065,0.0026967521065,0.0026967521065,0.0026967521065
iYZMftt6,0.00267217377086,0.00267217377086,0.00267217377086,0.00267217377086,0.00267217377086
ieTPaa3c,0.00271674478836,0.00271674478836,0.00271674478836,0.00271674478836,0.00271674478836
if7BmzU0,0.00120777557748,0.00120777557748,0.00120777557748,0.00120777557748,0.00120777557748
ihNz5bmx,0.00243845643352,0.00243845643352,0.00243845643352,0.00243845643352,0.00243845643352
ikJXKdIN,0.00323230879504,0.00323230879504,0.00323230879504,0.00323230879504,0.00323230879504
iq2kxikN,0.0039835458715,0.0039835458715,0.0039835458715,0.0039835458715,0.0039835458715
iuZEDJK7,0.00155380293714,0.00155380293714,0.00155380293714,0.00155380293714,0.00155380293714
iyF8gVT7,0.00120089240954,0.00120089240954,0.00120089240954,0.00120089240954,0.00120089240954
j06qdQ0V,0.00220694040388,0.00220694040388,0.00220694040388,0.00220694040388,0.00220694040388
j7hl8svO,0.0040010040562,0.0040010040562,0.0040010040562,0.0040010040562,0.0040010040562
j8hMoJUN,0.00359957398784,0.00359957398784,0.00359957398784,0.00359957398784,0.00359957398784
jNaFasbV,0.00255190250662,0.00255190250662,0.00255190250662,0.00255190250662,0.00255190250662
jVVHeYHT,0.00383918490675,0.00383918490675,0.00383918490675,0.00383918490675,0.00383918490675
jXm4ySvK,0.00234320524636,0.00234320524636,0.00234320524636,0.00234320524636,0.00234320524636
juO5ii5l,0.00351823220792,0.00351823220792,0.00351823220792,0.00351823220792,0.00351823220792
k2hdEBsU,0.00280947492465,0.00280947492465,0.00280947492465,0.00280947492465,0.00280947492465
k3ynMfhN,0.00294389437511,0.00294389437511,0.00294389437511,0.00294389437511,0.00294389437511
k9C9yBtr,0.00485432711614,0.00485432711614,0.00485432711614,0.00485432711614,0.00485432711614
kAKRvcRo,0.00411920167708,0.00411920167708,0.00411920167708,0.00411920167708,0.00411920167708
kBi3R2oC,0.00331722524577,0.00331722524577,0.00331722524577,0.00331722524577,0.00331722524577
kDWmnsXe,0.00453675056384,0.00453675056384,0.00453675056384,0.00453675056384,0.00453675056384
kSGBd2Vh,0.00175300600456,0.00175300600456,0.00175300600456,0.00175300600456,0.00175300600456
kT0miHPT,0.00221899782506,0.00221899782506,0.00221899782506,0.00221899782506,0.00221899782506
kaW0TfRn,0.00280877752711,0.00280877752711,0.00280877752711,0.00280877752711,0.00280877752711
kmg3SowO,0.00188396766817,0.00188396766817,0.00188396766817,0.00188396766817,0.00188396766817
kpxKSlnF,0.00349684951862,0.00349684951862,0.00349684951862,0.00349684951862,0.00349684951862
ku2cn1MV,0.00258289856746,0.00258289856746,0.00258289856746,0.00258289856746,0.00258289856746
l1su5HU9,0.00243139119643,0.00243139119643,0.00243139119643,0.00243139119643,0.00243139119643
l8Tg2RvD,0.0039999127937,0.0039999127937,0.0039999127937,0.0039999127937,0.0039999127937
lB6NsVOc,0.00354906885352,0.00354906885352,0.00354906885352,0.00354906885352,0.00354906885352
lEcdVyKk,0.00180383482503,0.00180383482503,0.00180383482503,0.00180383482503,0.00180383482503
lH4TasGl,0.00312438589097,0.00312438589097,0.00312438589097,0.00312438589097,0.00312438589097
lO9aggHW,0.00617269116361,0.00617269116361,0.00617269116361,0.00617269116361,0.00617269116361
lW3m9Vzu,0.00359164602391,0.00359164602391,0.00359164602391,0.00359164602391,0.00359164602391
lYLseGDP,0.00117353458559,0.00117353458559,0.00117353458559,0.00117353458559,0.00117353458559
lcOnCdZi,0.00333183624613,0.00333183624613,0.00333183624613,0.00333183624613,0.00333183624613
le9YGwON,0.00289535520505,0.00289535520505,0.00289535520505,0.00289535520505,0.00289535520505
llMvu3TX,0.00172816100034,0.00172816100034,0.00172816100034,0.00172816100034,0.00172816100034
lnHh2jFO,0.00264482480315,0.00264482480315,0.00264482480315,0.00264482480315,0.00264482480315
m07CVXd4,0.00129906238298,0.00129906238298,0.00129906238298,0.00129906238298,0.00129906238298
m1lPk91z,0.00293800740304,0.00293800740304,0.00293800740304,0.00293800740304,0.00293800740304
m9IQdmwa,0.00226191097538,0.00226191097538,0.00226191097538,0.00226191097538,0.00226191097538
mG9BRy5x,0.00570858160342,0.00570858160342,0.00570858160342,0.00570858160342,0.00570858160342
mVHXnama,0.002533207109,0.002533207109,0.002533207109,0.002533207109,0.002533207109
mXyrR6nU,0.00344860350978,0.00344860350978,0.00344860350978,0.00344860350978,0.00344860350978
mbzNdxNc,0.00194920120981,0.00194920120981,0.00194920120981,0.00194920120981,0.00194920120981
mntH7g3L,0.00243773066052,0.00243773066052,0.00243773066052,0.00243773066052,0.00243773066052
msRTXP3H,0.00321353781078,0.00321353781078,0.00321353781078,0.00321353781078,0.00321353781078
mxBjvIPR,0.0018483055555,0.0018483055555,0.0018483055555,0.0018483055555,0.0018483055555
n8Opmfbz,0.00471115139398,0.00471115139398,0.00471115139398,0.00471115139398,0.00471115139398
nOkgU29Q,0.00334460553385,0.00334460553385,0.00334460553385,0.00334460553385,0.00334460553385
nhttf7VM,0.00414845754101,0.00414845754101,0.00414845754101,0.00414845754101,0.00414845754101
njLbXYa3,0.00290194629562,0.00290194629562,0.00290194629562,0.00290194629562,0.00290194629562
nwkIpzmh,0.00465219169173,0.00465219169173,0.00465219169173,0.00465219169173,0.00465219169173
nzB1R9Zg,0.00247975569642,0.00247975569642,0.00247975569642,0.00247975569642,0.00247975569642
o1rZRI84,0.00485463550968,0.00485463550968,0.00485463550968,0.00485463550968,0.00485463550968
o7q5Mbty,0.00154152415241,0.00154152415241,0.00154152415241,0.00154152415241,0.00154152415241
oCBvysqB,0.00386691576216,0.00386691576216,0.00386691576216,0.00386691576216,0.00386691576216
oDmycTPH,0.00305407895471,0.00305407895471,0.00305407895471,0.00305407895471,0.00305407895471
oFAXZvQv,0.00453530716809,0.00453530716809,0.00453530716809,0.00453530716809,0.00453530716809
oHE3M1zX,0.00266017654027,0.00266017654027,0.00266017654027,0.00266017654027,0.00266017654027
oMhVmSpV,0.00417098111908,0.00417098111908,0.00417098111908,0.00417098111908,0.00417098111908
oNsDqVbi,0.00149419986542,0.00149419986542,0.00149419986542,0.00149419986542,0.00149419986542
oYAJqQk8,0.0027925088018,0.0027925088018,0.0027925088018,0.0027925088018,0.0027925088018
ob5Kb6dW,0.00146470913054,0.00146470913054,0.00146470913054,0.00146470913054,0.00146470913054
obnzqs79,0.00216258525197,0.00216258525197,0.00216258525197,0.00216258525197,0.00216258525197
oncLcgRP,0.00320732566727,0.00320732566727,0.00320732566727,0.00320732566727,0.00320732566727
ooWVYaAe,0.00465041781696,0.00465041781696,0.00465041781696,0.00465041781696,0.00465041781696
osdyOUnV,0.0028064151414,0.0028064151414,0.0028064151414,0.0028064151414,0.0028064151414
p7H9CzCv,0.0035381439407,0.0035381439407,0.0035381439407,0.0035381439407,0.0035381439407
p7U9hVhY,0.00185908240763,0.00185908240763,0.00185908240763,0.00185908240763,0.00185908240763
pE6Cf1RV,0.00180119065742,0.00180119065742,0.00180119065742,0.00180119065742,0.00180119065742
pI7qzotI,0.00428324855269,0.00428324855269,0.00428324855269,0.00428324855269,0.00428324855269
pJrIA4sk,0.00304845279186,0.00304845279186,0.00304845279186,0.00304845279186,0.00304845279186
pXne2CLZ,0.00279449404082,0.00279449404082,0.00279449404082,0.00279449404082,0.00279449404082
pZMcDIOS,0.00209099821814,0.00209099821814,0.00209099821814,0.00209099821814,0.00209099821814
pavfp3cc,0.00605646430438,0.00605646430438,0.00605646430438,0.00605646430438,0.00605646430438
pbQdC5L3,0.00366443645296,0.00366443645296,0.00366443645296,0.00366443645296,0.00366443645296
pgj7aAFP,0.00249900667749,0.00249900667749,0.00249900667749,0.00249900667749,0.00249900667749
pxg8G3ed,-0.000578125653475,-0.000578125653475,-0.000578125653475,-0.000578125653475,-0.000578125653475
q36Npk6l,0.00216234937481,0.00216234937481,0.00216234937481,0.00216234937481,0.00216234937481
q4aDOVvq,0.00461565932845,0.00461565932845,0.00461565932845,0.00461565932845,0.00461565932845
qGmfR9CN,0.00308609921865,0.00308609921865,0.00308609921865,0.00308609921865,0.00308609921865
qJ51ODpA,0.0019878287165,0.0019878287165,0.0019878287165,0.0019878287165,0.0019878287165
qQX3cs3I,0.00397318909325,0.00397318909325,0.00397318909325,0.00397318909325,0.00397318909325
qXeIxPb8,0.00124330392516,0.00124330392516,0.00124330392516,0.00124330392516,0.00124330392516
qYQ4MShM,0.00469859003969,0.00469859003969,0.00469859003969,0.00469859003969,0.00469859003969
qa0etnhK,0.00446873123007,0.00446873123007,0.00446873123007,0.00446873123007,0.00446873123007
qbL4sboq,0.00443870781172,0.00443870781172,0.00443870781172,0.00443870781172,0.00443870781172
qbYrsWHq,0.00332825379383,0.00332825379383,0.00332825379383,0.00332825379383,0.00332825379383
r1zmcUqQ,0.00196125187209,0.00196125187209,0.00196125187209,0.00196125187209,0.00196125187209
r54iHeQC,0.00161054880598,0.00161054880598,0.00161054880598,0.00161054880598,0.00161054880598
r6xrAnQV,0.00383641023981,0.00383641023981,0.00383641023981,0.00383641023981,0.00383641023981
r9HxnQDg,0.00330482247736,0.00330482247736,0.00330482247736,0.00330482247736,0.00330482247736
rG8Puuf9,0.00331936530334,0.00331936530334,0.00331936530334,0.00331936530334,0.00331936530334
rGuiefuR,0.00231953911089,0.00231953911089,0.00231953911089,0.00231953911089,0.00231953911089
rJ19OhGP,0.00158462738594,0.00158462738594,0.00158462738594,0.00158462738594,0.00158462738594
rOCYepHd,0.00460570792514,0.00460570792514,0.00460570792514,0.00460570792514,0.00460570792514
rQJaOPFI,0.00455954437224,0.00455954437224,0.00455954437224,0.00455954437224,0.00455954437224
rQhZtZeh,0.00141498295189,0.00141498295189,0.00141498295189,0.00141498295189,0.00141498295189
rapmok0w,0.00318803316467,0.00318803316467,0.00318803316467,0.00318803316467,0.00318803316467
rgzfnPVu,0.00355524614462,0.00355524614462,0.00355524614462,0.00355524614462,0.00355524614462
ri4qhb1S,0.00420950458245,0.00420950458245,0.00420950458245,0.00420950458245,0.00420950458245
rqpFYzff,0.00586883117522,0.00586883117522,0.00586883117522,0.00586883117522,0.00586883117522
rrs22coX,0.00236561675835,0.00236561675835,0.00236561675835,0.00236561675835,0.00236561675835
sEeUCQLc,0.00223921696931,0.00223921696931,0.00223921696931,0.00223921696931,0.00223921696931
sHScwqQl,0.0011330754535,0.0011330754535,0.0011330754535,0.0011330754535,0.0011330754535
sNC7DiAt,0.00392058042144,0.00392058042144,0.00392058042144,0.00392058042144,0.00392058042144
sNK2TSs3,0.00257078116937,0.00257078116937,0.00257078116937,0.00257078116937,0.00257078116937
sO7Su6uw,0.00271229953996,0.00271229953996,0.00271229953996,0.00271229953996,0.00271229953996
sOWZx89o,0.000916693799723,0.000916693799723,0.000916693799723,0.000916693799723,0.000916693799723
sPbRcPjC,0.00257427586841,0.00257427586841,0.00257427586841,0.00257427586841,0.00257427586841
scVUfTKI,0.00518240964135,0.00518240964135,0.00518240964135,0.00518240964135,0.00518240964135
seRaGeVv,0.003455935622,0.003455935622,0.003455935622,0.003455935622,0.003455935622
sgtwiYWi,0.0022677527151,0.0022677527151,0.0022677527151,0.0022677527151,0.0022677527151
sjmLHcT6,0.00255862043428,0.00255862043428,0.00255862043428,0.00255862043428,0.00255862043428
skZUZZGS,0.00506814647999,0.00506814647999,0.00506814647999,0.00506814647999,0.00506814647999
suAmzADX,0.00315403774475,0.00315403774475,0.00315403774475,0.00315403774475,0.00315403774475
t4GWLqlO,0.00300215223036,0.00300215223036,0.00300215223036,0.00300215223036,0.00300215223036
t7gy6Jyy,0.00476783403987,0.00476783403987,0.00476783403987,0.00476783403987,0.00476783403987
tBadzH60,0.00243017048166,0.00243017048166,0.00243017048166,0.00243017048166,0.00243017048166
tXUWm0hp,0.00310191508145,0.00310191508145,0.00310191508145,0.00310191508145,0.00310191508145
te6UPPxf,0.00350023789834,0.00350023789834,0.00350023789834,0.00350023789834,0.00350023789834
ti2lamkL,0.00445841488824,0.00445841488824,0.00445841488824,0.00445841488824,0.00445841488824
tr0lpwuU,0.00212450920795,0.00212450920795,0.00212450920795,0.00212450920795,0.00212450920795
ttdB5C73,0.00370359790643,0.00370359790643,0.00370359790643,0.00370359790643,0.00370359790643
twS8YZu9,0.0044929516523,0.0044929516523,0.0044929516523,0.0044929516523,0.0044929516523
tx68W34H,0.00252802078762,0.00252802078762,0.00252802078762,0.00252802078762,0.00252802078762
tyQSX4mY,0.00315125672333,0.00315125672333,0.00315125672333,0.00315125672333,0.00315125672333
tylKCRc0,0.00207107639019,0.00207107639019,0.00207107639019,0.00207107639019,0.00207107639019
u1544WUo,0.00391492157112,0.00391492157112,0.00391492157112,0.00391492157112,0.00391492157112
uAw9an0d,0.00419135600372,0.00419135600372,0.00419135600372,0.00419135600372,0.00419135600372
uLZAEXMG,0.00242648559819,0.00242648559819,0.00242648559819,0.00242648559819,0.00242648559819
uMwe1s7I,0.00315732331225,0.00315732331225,0.00315732331225,0.00315732331225,0.00315732331225
ufhGeV3q,0.0050704614299,0.0050704614299,0.0050704614299,0.0050704614299,0.0050704614299
uhAeGBHo,0.0033168119386,0.0033168119386,0.0033168119386,0.0033168119386,0.0033168119386
ujHNlqpw,0.00270415819065,0.00270415819065,0.00270415819065,0.00270415819065,0.00270415819065
ulV6kuhB,0.00151219945129,0.00151219945129,0.00151219945129,0.00151219945129,0.00151219945129
uohEnNEK,0.00390066328275,0.00390066328275,0.00390066328275,0.00390066328275,0.00390066328275
v1lhA8I4,0.00291469290946,0.00291469290946,0.00291469290946,0.00291469290946,0.00291469290946
v3JzigLI,0.00165068357177,0.00165068357177,0.00165068357177,0.00165068357177,0.00165068357177
v5IwjyIg,0.00501265863849,0.00501265863849,0.00501265863849,0.00501265863849,0.00501265863849
v6lp5TK1,0.00254506439852,0.00254506439852,0.00254506439852,0.00254506439852,0.00254506439852
v8vOaaWq,0.00203801027933,0.00203801027933,0.00203801027933,0.00203801027933,0.00203801027933
vAYKtoil,0.00412371093142,0.00412371093142,0.00412371093142,0.00412371093142,0.00412371093142
vGTNQa6G,0.00403807370015,0.00403807370015,0.00403807370015,0.00403807370015,0.00403807370015
vQzNxHoL,0.00321880630201,0.00321880630201,0.00321880630201,0.00321880630201,0.00321880630201
vfZGBUJm,0.00299299604164,0.00299299604164,0.00299299604164,0.00299299604164,0.00299299604164
vlooVUoT,0.00361757723466,0.00361757723466,0.00361757723466,0.00361757723466,0.00361757723466
vrACvd4O,0.00267594337751,0.00267594337751,0.00267594337751,0.00267594337751,0.00267594337751
w8hdjLwb,0.00291752352393,0.00291752352393,0.00291752352393,0.00291752352393,0.00291752352393
wAntv4gH,0.00250689424135,0.00250689424135,0.00250689424135,0.00250689424135,0.00250689424135
wIUL09q0,0.00255644034603,0.00255644034603,0.00255644034603,0.00255644034603,0.00255644034603
wOzx7Fgz,0.00212583137635,0.00212583137635,0.00212583137635,0.00212583137635,0.00212583137635
wPhjhCJQ,0.00120448169711,0.00120448169711,0.00120448169711,0.00120448169711,0.00120448169711
wQSWWmYB,0.00397969696551,0.00397969696551,0.00397969696551,0.00397969696551,0.00397969696551
wdIMrXwy,0.00195655723007,0.00195655723007,0.00195655723007,0.00195655723007,0.00195655723007
wiL9npQc,0.0013837605781,0.0013837605781,0.0013837605781,0.0013837605781,0.0013837605781
wnU95Cxn,0.0024293964999,0.0024293964999,0.0024293964999,0.0024293964999,0.0024293964999
wpJbbjJs,0.00438613781429,0.00438613781429,0.00438613781429,0.00438613781429,0.00438613781429
wsOWTAbI,0.00291886368901,0.00291886368901,0.00291886368901,0.00291886368901,0.00291886368901
wtdBcU3U,0.00249642902785,0.00249642902785,0.00249642902785,0.00249642902785,0.00249642902785
wuKXVxOc,0.00196565455565,0.00196565455565,0.00196565455565,0.00196565455565,0.00196565455565
wyzadAt8,0.00190912554797,0.00190912554797,0.00190912554797,0.00190912554797,0.00190912554797
wzaKzYwi,0.00278387177641,0.00278387177641,0.00278387177641,0.00278387177641,0.00278387177641
x6GCk4EV,0.00130372121909,0.00130372121909,0.00130372121909,0.00130372121909,0.00130372121909
x6lUi3vf,0.00325963120393,0.00325963120393,0.00325963120393,0.00325963120393,0.00325963120393
x8mwDHv9,0.00216422219522,0.00216422219522,0.00216422219522,0.00216422219522,0.00216422219522
xIYm6puH,0.00296366224074,0.00296366224074,0.00296366224074,0.00296366224074,0.00296366224074
xO6UdpsK,0.00274582342302,0.00274582342302,0.00274582342302,0.00274582342302,0.00274582342302
xQ2bkOvj,0.00226148038164,0.00226148038164,0.00226148038164,0.00226148038164,0.00226148038164
xeXyDCEQ,0.00426941630868,0.00426941630868,0.00426941630868,0.00426941630868,0.00426941630868
xrggHziO,0.00266006165802,0.00266006165802,0.00266006165802,0.00266006165802,0.00266006165802
y1WMCmqQ,0.00349663986002,0.00349663986002,0.00349663986002,0.00349663986002,0.00349663986002
yDngezhM,0.00311120299103,0.00311120299103,0.00311120299103,0.00311120299103,0.00311120299103
yLiFjMD0,0.0019783356264,0.0019783356264,0.0019783356264,0.0019783356264,0.0019783356264
ySwEBO7w,0.0038629636342,0.0038629636342,0.0038629636342,0.0038629636342,0.0038629636342
ydC9UsSm,0.00182550573394,0.00182550573394,0.00182550573394,0.00182550573394,0.00182550573394
ydEG4VBd,0.00367599889558,0.00367599889558,0.00367599889558,0.00367599889558,0.00367599889558
yf76yWXc,0.00341151382364,0.00341151382364,0.00341151382364,0.00341151382364,0.00341151382364
yg70e63n,0.00272546825112,0.00272546825112,0.00272546825112,0.00272546825112,0.00272546825112
ywxtlSKv,0.00349589767527,0.00349589767527,0.00349589767527,0.00349589767527,0.00349589767527
yzKPQPOR,0.00307229168503,0.00307229168503,0.00307229168503,0.00307229168503,0.00307229168503
z5cnOnZ1,0.00272298136074,0.00272298136074,0.00272298136074,0.00272298136074,0.00272298136074
zFLkOE0e,0.00520049879867,0.00520049879867,0.00520049879867,0.00520049879867,0.00520049879867
zGi72mxL,0.00225547062498,0.00225547062498,0.00225547062498,0.00225547062498,0.00225547062498
zN925UV3,0.00443235103929,0.00443235103929,0.00443235103929,0.00443235103929,0.00443235103929
zTy2ih7e,0.00293392271636,0.00293392271636,0.00293392271636,0.00293392271636,0.00293392271636
zVFzAutw,0.00224733557901,0.00224733557901,0.00224733557901,0.00224733557901,0.00224733557901
zYxNAkht,0.00261227286551,0.00261227286551,0.00261227286551,0.00261227286551,0.00261227286551
zaWDBai3,0.00049983972684,0.00049983972684,0.00049983972684,0.00049983972684,0.00049983972684
zg3u0Zsx,0.00293345836467,0.00293345836467,0.00293345836467,0.00293345836467,0.00293345836467
zlwLfdsS,0.00157257836283,0.00157257836283,0.00157257836283,0.00157257836283,0.00157257836283
zmbKzVfl,0.00248389374974,0.00248389374974,0.00248389374974,0.00248389374974,0.00248389374974
